#,FORM,LEMMA,GRAM,COMMENT,CHECKED,RIGHT1,RIGHT2,RIGHT3,RIGHT4,RIGHT5,RIGHT6,POS,AUTO_LEMMA,AUTO_GRAM,AUTO_GRAM
#doc=reaction_on_mv_ice_cream_cake.2.txt,,,,,,,,,,,,,,,
1,﻿,﻿,PUNC,,,,,,,,,PUNC,﻿,PUNC,
2,Саша,САША,S - anim nom sg persn ,,,а,ш,а,с,,,S,САША,S - anim nom sg,
3,@,@,PUNC,,,,,,,,,PUNC,@,PUNC,
4,Я,Я,SPRO sg 1p - nom,,,я,,,,,,SPRO,Я,SPRO sg 1p - nom,
5,включаю,ВКЛЮЧАТЬ,V ipf praes sg indic act tran 1p,,,ю,а,ч,ю,л,к,V,ВКЛЮЧАТЬ,V ipf praes sg indic - 1p,
6,.,.,SENT,,,,,,,,,SENT,.,SENT,
,,,,,,,,,,,,,,,
1,Мира,МИРА,S f anim nom sg persn,,,а,р,и,м,,,S,МИР,S f anim nom sg,
2,@,@,PUNC,,,,,,,,,PUNC,@,PUNC,
3,Я,Я,SPRO sg 1p - nom,,,я,,,,,,SPRO,Я,SPRO sg 1p - nom,
4,вижу,ВИДЕТЬ,V ipf praes sg indic act tran 1p,,,у,ж,и,в,,,V,ВИДЕТЬ,V ipf praes sg indic - 1p,
5,тортик,ТОРТИК,S m inan acc sg,,,к,и,т,р,о,т,S,ТОРТИК,S m inan acc sg,
6,.,.,SENT,,,,,,,,,SENT,.,SENT,
,,,,,,,,,,,,,,,
1,Саша,САША,S - anim nom sg persn ,,,а,ш,а,с,,,S,САША,S - anim nom sg,
2,@,@,PUNC,,,,,,,,,PUNC,@,PUNC,
3,Я,Я,SPRO sg 1p - nom,,,я,,,,,,SPRO,Я,SPRO sg 1p - nom,
4,хочу,ХОТЕТЬ,V ipf praes sg indic - 1p,,,у,ч,о,х,,,V,ХОТЕТЬ,V ipf praes sg indic - 1p,
5,есть,ЕСТЬ,V ipf - - inf - -,,,ь,т,с,е,,,V,ЕСТЬ,V ipf - - inf - -,
6,.,.,SENT,,,,,,,,,SENT,.,SENT,
,,,,,,,,,,,,,,,
1,Мира,МИРА,S f anim nom sg persn,,,а,р,и,м,,,S,МИР,S f anim nom sg,
2,@,@,PUNC,,,,,,,,,PUNC,@,PUNC,
3,Я,Я,SPRO sg 1p - nom,,,я,,,,,,SPRO,Я,SPRO sg 1p - nom,
4,хочу,ХОТЕТЬ,V ipf praes sg indic - 1p,,,у,ч,о,х,,,V,ХОТЕТЬ,V ipf praes sg indic - 1p,
5,есть,ЕСТЬ,V ipf - - inf - -,,,ь,т,с,е,,,V,ЕСТЬ,V ipf - - inf - -,
6,",",",",PUNC,,,,,,,,,PUNC,",",PUNC,
7,хотя,ХОТЯ,CONJ,,,я,т,о,х,,,CONJ,ХОТЯ,CONJ,
8,мы,МЫ,SPRO pl 1p - nom,,,ы,м,,,,,SPRO,МЫ,SPRO pl 1p - nom,
9,только,ТОЛЬКО,PART,,,о,к,ь,л,о,т,PART,ТОЛЬКО,PART,
10,что,ЧТО,CONJ,,,о,т,ч,,,,CONJ,ЧТО,CONJ,
11,ели,ЕСТЬ,V ipf praet pl indic - -,,,и,л,е,,,,V,ЕСТЬ,V ipf praet pl indic - -,
12,.,.,SENT,,,,,,,,,SENT,.,SENT,
,,,,,,,,,,,,,,,
1,Мира,МИРА,S f anim nom sg persn,,,а,р,и,м,,,S,МИР,S f anim nom sg,
2,@,@,PUNC,,,,,,,,,PUNC,@,PUNC,
3,Мне,Я,SPRO sg 1p - dat,,,е,н,м,,,,SPRO,Я,SPRO sg 1p - loc,
4,нравится,НРАВИТЬСЯ,V ipf praes sg indic med tran 3p,,,я,с,т,и,в,а,V,НРАВИТЬСЯ,V ipf praes sg indic - 3p,
5,мелодия,МЕЛОДИЯ,S f inan nom sg,,,я,и,д,о,л,е,S,МЕЛОДИЯ,S f inan nom sg,
6,.,.,SENT,,,,,,,,,SENT,.,SENT,
,,,,,,,,,,,,,,,
1,Позитивная,ПОЗИТИВНЫЙ,A sg plen f nom,,,я,а,н,в,и,т,A,ПОЗИТИВНЫЙ,A comp2 - - plen - -,
2,.,.,SENT,,,,,,,,,SENT,.,SENT,
,,,,,,,,,,,,,,,
1,Саша,САША,S - anim nom sg persn ,,,а,ш,а,с,,,S,САША,S - anim nom sg,
2,@,@,PUNC,,,,,,,,,PUNC,@,PUNC,
3,Да,ДА,CONJ,,,а,д,,,,,CONJ,ДА,CONJ,
4,",",",",PUNC,,,,,,,,,PUNC,",",PUNC,
5,она,ОНА,SPRO sg 3p f nom,,,а,н,о,,,,SPRO,ОНА,SPRO sg 3p f nom,
6,классная,КЛАССНЫЙ,A - nom sg plen f -,,,я,а,н,с,с,а,A,КЛАССНЫЙ,A - nom sg plen f -,
7,.,.,SENT,,,,,,,,,SENT,.,SENT,
,,,,,,,,,,,,,,,
1,Саша,САША,S - anim nom sg persn ,,,а,ш,а,с,,,S,САША,S - anim nom sg,
2,@,@,PUNC,,,,,,,,,PUNC,@,PUNC,
3,Почему,ПОЧЕМУ,ADV -,,,у,м,е,ч,о,п,ADV,ПОЧЕМУ,ADV -,
4,они,ОНИ,SPRO pl - - nom,,,и,н,о,,,,SPRO,ОНИ,SPRO pl - - nom,
5,все,ВЕСЬ,SPRO nom sg ,,,е,с,в,,,,A,ВЕСЬ,A - nom pl plen - -,
6,такие,ТАКОЙ,A - nom pl plen - -,,,е,и,к,а,т,,A,ТАКОЙ,A - nom pl plen - -,
7,красивые,КРАСИВЫЙ,A - nom pl plen - -,,,е,ы,в,и,с,а,A,КРАСИВЫЙ,A - nom pl plen - -,
8,?,?,SENT,,,,,,,,,SENT,?,SENT,
,,,,,,,,,,,,,,,
1,Мира,МИРА,S f anim nom sg persn,,,а,р,и,м,,,S,МИР,S m inan gen sg,
2,@,@,PUNC,,,,,,,,,PUNC,@,PUNC,
3,Они,ОНИ,SPRO pl - - nom,,,и,н,о,,,,SPRO,ОНИ,SPRO pl - - nom,
4,очень,ОЧЕНЬ,ADV -,,,ь,н,е,ч,о,,ADV,ОЧЕНЬ,ADV -,
5,худые,ХУДОЙ,A - acc pl plen - inan,,,е,ы,д,у,х,,A,ХУДОЙ,A - acc pl plen - inan,
6,все,ВСЕ,S - - nom l,,,е,с,в,,,,S,ВСЕ,S - - acc pl,
7,.,.,SENT,,,,,,,,,SENT,.,SENT,
,,,,,,,,,,,,,,,
1,И,И,CONJ,,,и,,,,,,CONJ,И,CONJ,
2,красивые,КРАСИВЫЙ,A - nom pl plen - -,,,е,ы,в,и,с,а,A,КРАСИВЫЙ,A - nom pl plen - -,
3,.,.,SENT,,,,,,,,,SENT,.,SENT,
,,,,,,,,,,,,,,,
1,Саша,САША,S - anim nom sg persn ,,,а,ш,а,с,,,S,САША,S - anim nom sg,
2,@,@,PUNC,,,,,,,,,PUNC,@,PUNC,
3,Так,ТАК,ADV -,,,к,а,т,,,,ADV,ТАК,ADV -,
4,.,.,SENT,,,,,,,,,SENT,.,SENT,
,,,,,,,,,,,,,,,
1,О,О,PR,,,о,,,,,,PR,О,PR,
2,чем,ЧТО,SPRO loc sg,,,м,е,ч,,,,S,ЧТО,S n inan loc sg,
3,это,ЭТО,SPRO nom sg ,,,о,т,э,,,,S,ЭТО,S n - nom sg,
4,вообще,ВООБЩЕ,ADV -,,,е,щ,б,о,о,в,ADV,ВООБЩЕ,ADV -,
5,?,?,SENT,,,,,,,,,SENT,?,SENT,
,,,,,,,,,,,,,,,
1,Мира,МИРА,S f anim nom sg persn,,,а,р,и,м,,,S,МИР,S m inan gen sg,
2,@,@,PUNC,,,,,,,,,PUNC,@,PUNC,
3,Ну,НУ,PART,,,у,н,,,,,PART,НУ,PART,
4,",",",",PUNC,,,,,,,,,PUNC,",",PUNC,
5,они,ОНИ,SPRO pl - - nom,,,и,н,о,,,,SPRO,ОНИ,SPRO pl - - nom,
6,куда-то,КУДА-ТО,ADV -,,,о,т,,а,д,у,ADV,КУДА-ТО,ADV -,
7,собираются,СОБИРАТЬСЯ,V ipf praes pl indic act intr 3p,,,я,с,т,ю,а,р,V,СОБИРАТЬСЯ,V ipf praes pl indic - 3p,
8,.,.,SENT,,,,,,,,,SENT,.,SENT,
,,,,,,,,,,,,,,,
1,Саша,САША,S - anim nom sg persn ,,,а,ш,а,с,,,S,САША,S - anim nom sg,
2,@,@,PUNC,,,,,,,,,PUNC,@,PUNC,
3,М,М,INTJ,,,м,,,,,,S,М,S - - nonflex nonflex,
4,-,-,PUNC,,,,,,,,,PUNC,-,PUNC,
5,м,М,INTJ,,,м,,,,,,S,М,S - - nonflex nonflex,
6,-,-,PUNC,,,,,,,,,PUNC,-,PUNC,
7,м,М,INTJ,,,м,,,,,,S,М,S - - nonflex nonflex,
8,",",",",PUNC,,,,,,,,,PUNC,",",PUNC,
9,классика,КЛАССИКА,S f inan nom sg,,,а,к,и,с,с,а,S,КЛАССИКА,S f inan nom sg,
10,.,.,SENT,,,,,,,,,SENT,.,SENT,
,,,,,,,,,,,,,,,
1,Мира,МИРА,S f anim nom sg persn,,,а,р,и,м,,,S,МИР,S f anim nom sg,
2,@,@,PUNC,,,,,,,,,PUNC,@,PUNC,
3,Да,ДА,PART,,,а,д,,,,,PART,ДА,PART,
4,.,.,SENT,,,,,,,,,SENT,.,SENT,
,,,,,,,,,,,,,,,
1,Саша,САША,S - anim nom sg,,,а,ш,а,с,,,S,САША,S - anim nom sg,
2,@,@,PUNC,,,,,,,,,PUNC,@,PUNC,
3,Ну,НУ,PART,,,у,н,,,,,PART,НУ,PART,
4,ладно,ЛАДНО,INTJ,,,о,н,д,а,л,,PART,ЛАДНО,PART,
5,.,.,SENT,,,,,,,,,SENT,.,SENT,
,,,,,,,,,,,,,,,
1,Зато,ЗАТО,CONJ,,,о,т,а,з,,,CONJ,ЗАТО,CONJ,
2,снято,СНЯТЬ,V sg n partcp pass brev,,,о,т,я,н,с,,PARTCP,СНЯТЬ,PARTCP pf praet - sg brev n pass -,
3,прикольно,ПРИКОЛЬНО,ADV -,,,о,н,ь,л,о,к,ADV,ПРИКОЛЬНО,ADV -,
4,.,.,SENT,,,,,,,,,SENT,.,SENT,
,,,,,,,,,,,,,,,
1,Мира,МИРА,S f anim nom sg,,,а,р,и,м,,,S,МИР,S f anim nom sg,
2,@,@,PUNC,,,,,,,,,PUNC,@,PUNC,
3,Куда-то,КУДА-ТО,ADVPRO,,,о,т,,а,д,у,ADV,КУДА-ТО,ADV -,
4,едут,ЕХАТЬ,V ipf praes pl indic act intr 3p,,,т,у,д,е,,,V,ЕХАТЬ,V ipf praes pl indic - 3p,
5,.,.,SENT,,,,,,,,,SENT,.,SENT,
,,,,,,,,,,,,,,,
1,Саша,САША,S - anim nom sg,,,а,ш,а,с,,,S,САША,S - anim nom sg,
2,@,@,PUNC,,,,,,,,,PUNC,@,PUNC,
3,Почему,ПОЧЕМУ,ADVPRO,,,у,м,е,ч,о,п,ADV,ПОЧЕМУ,ADV -,
4,они,ОНИ,SPRO pl - - nom,,,и,н,о,,,,SPRO,ОНИ,SPRO pl - - nom,
5,на,НА,PR,,,а,н,,,,,PR,НА,PR,
6,<,<,PUNC,,,,,,,,,PUNC,<,PUNC,
7,noindex,NOINDEX,NONLEX,,,,,,,,,NONLEX,NOINDEX,NONLEX,
8,>,>,PUNC,,,,,,,,,PUNC,>,PUNC,
9,[,[,PUNC,,,,,,,,,PUNC,[,PUNC,
10,нрзб,НРЗБ,NONLEX,,,б,з,р,н,,,NONLEX,НРЗБ,NONLEX,
11,],],PUNC,,,,,,,,,PUNC,],PUNC,
12,<,<,PUNC,,,,,,,,,PUNC,<,PUNC,
13,/,/,PUNC,,,,,,,,,PUNC,/,PUNC,
14,noindex,NOINDEX,NONLEX,,,,,,,,,NONLEX,NOINDEX,NONLEX,
15,>,>,PUNC,,,,,,,,,PUNC,>,PUNC,
16,.,.,SENT,,,,,,,,,SENT,.,SENT,
,,,,,,,,,,,,,,,
1,Мира,МИРА,S f anim nom sg,,,а,р,и,м,,,S,МИР,S f anim nom sg,
2,@,@,PUNC,,,,,,,,,PUNC,@,PUNC,
3,Ага,АГА,PART,,,а,г,а,,,,PART,АГА,PART,
4,.,.,SENT,,,,,,,,,SENT,.,SENT,
,,,,,,,,,,,,,,,
1,Саша,САША,S - anim nom sg,,,а,ш,а,с,,,S,САША,S - anim nom sg,
2,@,@,PUNC,,,,,,,,,PUNC,@,PUNC,
3,Это,ЭТО,SPRO nom sg ,,,о,т,э,,,,S,ЭТО,S n - nom sg,
4,заправка,ЗАПРАВКА,S f inan nom sg,,,а,к,в,а,р,п,S,ЗАПРАВКА,S f inan nom sg,
5,.,.,SENT,,,,,,,,,SENT,.,SENT,
,,,,,,,,,,,,,,,
1,Мира,МИРА,S f anim nom sg,,,а,р,и,м,,,S,МИР,S f anim nom sg,
2,@,@,PUNC,,,,,,,,,PUNC,@,PUNC,
3,Какой,КАКОЙ,APRO - nom sg plen m -,,,й,о,к,а,к,,A,КАКОЙ,A - nom sg plen m -,
4,корейский,КОРЕЙСКИЙ,A - acc sg plen m inan,,,й,и,к,с,й,е,A,КОРЕЙСКИЙ,A - acc sg plen m inan,
5,клип,КЛИП,S m inan nom sg,,,п,и,л,к,,,S,КЛИП,S m inan acc sg,
6,без,БЕЗ,PR,,,з,е,б,,,,PR,БЕЗ,PR,
7,танцев,ТАНЕЦ,S m inan gen pl,,,в,е,ц,н,а,т,S,ТАНЕЦ,S m inan gen pl,
8,?,?,SENT,,,,,,,,,SENT,?,SENT,
,,,,,,,,,,,,,,,
1,Саша,САША,S - anim nom sg,,,а,ш,а,с,,,S,САША,S - anim nom sg,
2,@,@,PUNC,,,,,,,,,PUNC,@,PUNC,
3,Ну,НУ,PART,,,у,н,,,,,PART,НУ,PART,
4,",",",",PUNC,,,,,,,,,PUNC,",",PUNC,
5,они,ОНИ,SPRO pl - - nom,,,и,н,о,,,,SPRO,ОНИ,SPRO pl - - nom,
6,делают,ДЕЛАТЬ,V ipf praes pl indic act tran 3p,,,т,ю,а,л,е,д,V,ДЕЛАТЬ,V ipf praes pl indic - 3p,
7,их,ОНИ,SPRO pl - - acc,,,х,и,,,,,SPRO,ОНИ,SPRO pl - - acc,
8,все,ВСЕ,S - - acc pl,"не понимаю, как это классифицируется в принципе",,е,с,в,,,,S,ВСЕ,S - - acc pl,
9,лучше,ХОРОШИЙ,A comp - - plen - -,,,е,ш,ч,у,л,,A,ХОРОШИЙ,A comp - - plen - -,
10,.,.,SENT,,,,,,,,,SENT,.,SENT,
,,,,,,,,,,,,,,,
1,Мира,МИРА,S f anim nom sg,,,а,р,и,м,,,S,МИРА,S f anim nom sg,
2,@,@,PUNC,,,,,,,,,PUNC,@,PUNC,
3,Синхронно,СИНХРОННО,ADV -,,,о,н,н,о,р,х,ADV,СИНХРОННО,ADV -,
4,",",",",PUNC,,,,,,,,,PUNC,",",PUNC,
5,классно,КЛАССНО,ADV -,,,о,н,с,с,а,л,ADV,КЛАССНО,ADV -,
6,.,.,SENT,,,,,,,,,SENT,.,SENT,
,,,,,,,,,,,,,,,
1,Саша,САША,S - anim nom sg,,,а,ш,а,с,,,S,САША,S - anim nom sg,
2,@,@,PUNC,,,,,,,,,PUNC,@,PUNC,
3,Эх,ЭХ,INTJ,,,х,э,,,,,INTJ,ЭХ,INTJ,
4,...,...,SENT,,,,,,,,,SENT,...,SENT,
,,,,,,,,,,,,,,,
1,Мира,МИРА,S f anim nom sg,,,а,р,и,м,,,S,МИР,S m inan gen sg,
2,@,@,PUNC,,,,,,,,,PUNC,@,PUNC,
3,Позитивно,ПОЗИТИВНО,ADV -,,,о,н,в,и,т,и,ADV,ПОЗИТИВНО,ADV -,
4,.,.,SENT,,,,,,,,,SENT,.,SENT,
,,,,,,,,,,,,,,,
1,Саша,САША,S - anim nom sg,,,а,ш,а,с,,,S,САША,S - anim nom sg,
2,@,@,PUNC,,,,,,,,,PUNC,@,PUNC,
3,<,<,PUNC,,,,,,,,,PUNC,<,PUNC,
4,noindex,NOINDEX,NONLEX,,,,,,,,,NONLEX,NOINDEX,NONLEX,
5,>,>,PUNC,,,,,,,,,PUNC,>,PUNC,
6,[,[,PUNC,,,,,,,,,PUNC,[,PUNC,
7,нрзб,НРЗБ,NONLEX,,,б,з,р,н,,,NONLEX,НРЗБ,NONLEX,
8,],],PUNC,,,,,,,,,PUNC,],PUNC,
9,<,<,PUNC,,,,,,,,,PUNC,<,PUNC,
10,/,/,PUNC,,,,,,,,,PUNC,/,PUNC,
11,noindex,NOINDEX,NONLEX,,,,,,,,,NONLEX,NOINDEX,NONLEX,
12,>,>,PUNC,,,,,,,,,PUNC,>,PUNC,
13,",",",",PUNC,,,,,,,,,PUNC,",",PUNC,
14,блииин,БЛИИИН,INTJ,,,н,и,и,и,л,б,S,БЛИИИН,S f inan nom sg,
15,.,.,SENT,,,,,,,,,SENT,.,SENT,
,,,,,,,,,,,,,,,
1,Мира,МИРА,S f anim nom sg,,,а,р,и,м,,,S,МИР,S f anim nom sg,
2,@,@,PUNC,,,,,,,,,PUNC,@,PUNC,
3,Когда,КОГДА,CONJ,,,а,д,г,о,к,,CONJ,КОГДА,CONJ,
4,смотришь,СМОТРЕТЬ,V ipf praes sg indic tran act 2p,,,ь,ш,и,р,т,о,V,СМОТРЕТЬ,V ipf praes sg indic - 2p,
5,",",",",PUNC,,,,,,,,,PUNC,",",PUNC,
6,хочется,ХОТЕТЬСЯ,V ipf praes - indic intr med,,,я,с,т,е,ч,о,V,ХОТЕТЬСЯ,V ipf praes - indic - -,
7,танцевать,ТАНЦЕВАТЬ,V ipf - - inf intr act,,,ь,т,а,в,е,ц,V,ТАНЦЕВАТЬ,V ipf - - inf - -,
8,.,.,SENT,,,,,,,,,SENT,.,SENT,
,,,,,,,,,,,,,,,
1,Саша,САША,S - anim nom sg,,,а,ш,а,с,,,S,САША,S - anim nom sg,
2,@,@,PUNC,,,,,,,,,PUNC,@,PUNC,
3,Так,ТАК,ADV -,,,к,а,т,,,,ADV,ТАК,ADV -,
4,красиво,КРАСИВО,ADV -,,,о,в,и,с,а,р,ADV,КРАСИВО,ADV -,
5,снято,СНЯТОЙ,V sg n partcp pass brev,,,о,т,я,н,с,,A,СНЯТОЙ,A - - sg brev n -,
6,.,.,SENT,,,,,,,,,SENT,.,SENT,
,,,,,,,,,,,,,,,
1,Саша,САША,S - anim nom sg,,,а,ш,а,с,,,S,САША,S - anim nom sg,
2,@,@,PUNC,,,,,,,,,PUNC,@,PUNC,
3,I,I,NUM - - -,,,,,,,,,NUM,I,NUM - - -,
4,scream,SCREAM,NONLEX,,,,,,,,,NONLEX,SCREAM,NONLEX,
5,",",",",PUNC,,,,,,,,,PUNC,",",PUNC,
6,you,YOU,NONLEX,,,,,,,,,NONLEX,YOU,NONLEX,
7,scream,SCREAM,NONLEX,,,,,,,,,NONLEX,SCREAM,NONLEX,
8,...,...,SENT,,,,,,,,,SENT,...,SENT,
,,,,,,,,,,,,,,,
1,Мира,МИРА,S f anim nom sg,,,а,р,и,м,,,S,МИР,S m inan gen sg,
2,@,@,PUNC,,,,,,,,,PUNC,@,PUNC,
3,Это,ЭТО,SPRO nom sg ,,,о,т,э,,,,S,ЭТО,S n - nom sg,
4,прикольно,ПРИКОЛЬНО,ADV -,,,о,н,ь,л,о,к,ADV,ПРИКОЛЬНО,ADV -,
5,.,.,SENT,,,,,,,,,SENT,.,SENT,
,,,,,,,,,,,,,,,
1,Саша,САША,S - anim nom sg,,,а,ш,а,с,,,S,САША,S - anim nom sg,
2,@,@,PUNC,,,,,,,,,PUNC,@,PUNC,
3,Это,ЭТО,S n - nom sg,,,о,т,э,,,,S,ЭТО,S n - nom sg,
4,<,<,PUNC,,,,,,,,,PUNC,<,PUNC,
5,distinct,DISTINCT,NONLEX,,,,,,,,,NONLEX,DISTINCT,NONLEX,
6,form,FORM,NONLEX,,,,,,,,,NONLEX,FORM,NONLEX,
7,=,=,PUNC,,,,,,,,,PUNC,=,PUNC,
8,	,_,,,,,,,,,,,_,9,
9,прям,ПРЯМО,ADV -,distort,,м,я,р,п,,,A,ПРЯМОЙ,A - - sg brev m -,
10,	,_,,,,,,,,,,,_,11,
11,>,>,PUNC,,,,,,,,,PUNC,>,PUNC,
12,прямо,ПРЯМО,ADV -,,,о,м,я,р,п,,ADV,ПРЯМО,ADV -,
13,<,<,PUNC,,,,,,,,,PUNC,<,PUNC,
14,/,/,PUNC,,,,,,,,,PUNC,/,PUNC,
15,distinct,DISTINCT,NONLEX,,,,,,,,,NONLEX,DISTINCT,NONLEX,
16,>,>,PUNC,,,,,,,,,PUNC,>,PUNC,
17,как,КАК,CONJ,,,к,а,к,,,,CONJ,КАК,CONJ,
18,в,В,PR,,,в,,,,,,PR,В,PR,
19,караоке,КАРАОКЕ,S f inan loc -,,,е,к,о,а,р,а,S,КАРАОКЕ,S f inan nonflex nonflex,
20,.,.,SENT,,,,,,,,,SENT,.,SENT,
,,,,,,,,,,,,,,,
1,Мира,МИРА,S f anim nom sg,,,а,р,и,м,,,S,МИР,S f anim nom sg,
2,@,@,PUNC,,,,,,,,,PUNC,@,PUNC,
3,Я,Я,SPRO sg 1p - nom,,,я,,,,,,SPRO,Я,SPRO sg 1p - nom,
4,вообще,ВООБЩЕ,ADV -,,,е,щ,б,о,о,в,ADV,ВООБЩЕ,ADV -,
5,не,НЕ,PART,,,е,н,,,,,PART,НЕ,PART,
6,очень,ОЧЕНЬ,ADV -,,,ь,н,е,ч,о,,ADV,ОЧЕНЬ,ADV -,
7,понимаю,ПОНИМАТЬ,V ipf praes sg indic tran act 1p,,,ю,а,м,и,н,о,V,ПОНИМАТЬ,V ipf praes sg indic - 1p,
8,",",",",PUNC,,,,,,,,,PUNC,",",PUNC,
9,что,ЧТО,CONJ,,,о,т,ч,,,,CONJ,ЧТО,CONJ,
10,происходит,ПРОИСХОДИТЬ,V ipf praes sg indic intr 3p,,,т,и,д,о,х,с,V,ПРОИСХОДИТЬ,V ipf praes sg indic - 3p,
11,в,В,PR,,,в,,,,,,PR,В,PR,
12,клипе,КЛИП,S m inan loc sg,,,е,п,и,л,к,,S,КЛИП,S m inan loc sg,
13,",",",",PUNC,,,,,,,,,PUNC,",",PUNC,
14,потому что,потому что,CONJ,,,о,т,ч, ,у,м,ZERO,потому что,ZERO,
15,тут,ТУТ,ADV -,,,т,у,т,,,,ADV,ТУТ,ADV -,
16,так,ТАК,ADV -,,,к,а,т,,,,ADV,ТАК,ADV -,
17,резко,РЕЗКО,ADV -,,,о,к,з,е,р,,ADV,РЕЗКО,ADV -,
18,переходят,ПЕРЕХОДИТЬ,V ipf praes pl indic tran act 3p,,,т,я,д,о,х,е,V,ПЕРЕХОДИТЬ,V ipf praes pl indic - 3p,
19,с,С,PR,,,с,,,,,,PR,С,PR,
20,одного,ОДИН,A - gen sg plen m -,,,о,г,о,н,д,о,A,ОДИН,A - gen sg plen m -,
21,на,НА,PR,,,а,н,,,,,PR,НА,PR,
22,другое,ДРУГОЙ,A - acc sg plen n inan,,,е,о,г,у,р,д,A,ДРУГОЙ,A - acc sg plen n inan,
23,.,.,SENT,,,,,,,,,SENT,.,SENT,
,,,,,,,,,,,,,,,
1,Саша,САША,S - anim nom sg,,,а,ш,а,с,,,S,САША,S - anim nom sg,
2,@,@,PUNC,,,,,,,,,PUNC,@,PUNC,
3,Не...,НЕ...,PART,,,,,,е,н,,PART,НЕ...,PART,
4,не...,НЕ...,PART,,,,,,е,н,,PART,НЕ...,PART,
5,неважно,НЕВАЖНО,ADV -,,,о,н,ж,а,в,е,ADV,НЕВАЖНО,ADV -,
6,",",",",PUNC,,,,,,,,,PUNC,",",PUNC,
7,это,ЭТО,S n inan acc sg,,,о,т,э,,,,S,ЭТО,S n inan acc sg,
8,все,ВСЕ,SPRO - - nom pl,,,е,с,в,,,,S,ВСЕ,S - - nom pl,
9,очень,ОЧЕНЬ,ADV -,,,ь,н,е,ч,о,,ADV,ОЧЕНЬ,ADV -,
10,красиво,КРАСИВЫЙ,A - - sg brev n -,,,о,в,и,с,а,р,A,КРАСИВЫЙ,A - - sg brev n -,
11,",",",",PUNC,,,,,,,,,PUNC,",",PUNC,
12,и,И,CONJ,,,и,,,,,,CONJ,И,CONJ,
13,это,ЭТО,S n - nom sg,,,о,т,э,,,,S,ЭТО,S n - nom sg,
14,главное,ГЛАВНОЕ,S n inan nom sg,это субстантивированное сущ.,,е,о,н,в,а,л,S,ГЛАВНОЕ,S n inan acc sg,
15,.,.,SENT,,,,,,,,,SENT,.,SENT,
,,,,,,,,,,,,,,,
1,Мира,МИРА,S f anim nom sg,,,а,р,и,м,,,S,МИР,S f anim nom sg,
2,@,@,PUNC,,,,,,,,,PUNC,@,PUNC,
3,Я,Я,SPRO sg 1p - nom,,,я,,,,,,SPRO,Я,SPRO sg 1p - nom,
4,думаю,ДУМАТЬ,V ipf praes sg indic intr act 1p,,,ю,а,м,у,д,,V,ДУМАТЬ,V ipf praes sg indic - 1p,
5,",",",",PUNC,,,,,,,,,PUNC,",",PUNC,
6,в,В,PR,,,в,,,,,,PR,В,PR,
7,этом,ЭТО,S n - loc sg,,,м,о,т,э,,,S,ЭТО,S n - loc sg,
8,есть,БЫТЬ,V ipf praes sg indic intr act 3p,,,ь,т,с,е,,,V,БЫТЬ,V ipf praes sg indic - 3p,
9,какой-то,КАКОЙ-ТО,APRO - nom sg plen m -,,,о,т,,й,о,к,A,КАКОЙ-ТО,A - nom sg plen m -,
10,скрытый,СКРЫТЫЙ,A - nom sg plen m -,,,й,ы,т,ы,р,к,A,СКРЫТЫЙ,A - nom sg plen m -,
11,смысл,СМЫСЛ,S m inan nom sg,,,л,с,ы,м,с,,S,СМЫСЛ,S m inan nom sg,
12,.,.,SENT,,,,,,,,,SENT,.,SENT,
,,,,,,,,,,,,,,,
1,Но,НО,CONJ,,,о,н,,,,,CONJ,НО,CONJ,
2,я,Я,SPRO sg 1p - nom,,,я,,,,,,SPRO,Я,SPRO sg 1p - nom,
3,не,НЕ,PART,,,е,н,,,,,PART,НЕ,PART,
4,могу,МОЧЬ,V ipf praes sg indic intr act 1p,,,у,г,о,м,,,V,МОЧЬ,V ipf praes sg indic - 1p,
5,его,ОН,SPRO sg 3p m acc,,,о,г,е,,,,SPRO,ОН,SPRO sg 3p m acc,
6,уловить,УЛОВИТЬ,V pf - - inf tran act,,,ь,т,и,в,о,л,V,УЛОВИТЬ,V pf - - inf - -,
7,.,.,SENT,,,,,,,,,SENT,.,SENT,
,,,,,,,,,,,,,,,
1,Саша,САША,S - anim nom sg,,,а,ш,а,с,,,S,САША,S - anim nom sg,
2,@,@,PUNC,,,,,,,,,PUNC,@,PUNC,
3,Мне,Я,SPRO sg 1p - loc,,,е,н,м,,,,SPRO,Я,SPRO sg 1p - loc,
4,кажется,КАЗАТЬСЯ,V ipf praes sg indic tran med 3p,,,я,с,т,е,ж,а,V,КАЗАТЬСЯ,V ipf praes sg indic - 3p,
5,",",",",PUNC,,,,,,,,,PUNC,",",PUNC,
6,не,НЕ,PART,,,е,н,,,,,PART,НЕ,PART,
7,во,ВО,PR,,,о,в,,,,,PR,ВО,PR,
8,всех,ВСЕ,SPRO - - loc pl,,,х,е,с,в,,,A,ВЕСЬ,A - loc pl plen - -,
9,клипах,КЛИП,S m inan loc pl,,,х,а,п,и,л,к,S,КЛИП,S m inan loc pl,
10,есть,БЫТЬ,V ipf praes sg indic intr act 3p,,,ь,т,с,е,,,V,БЫТЬ,V ipf praes sg indic - 3p,
11,скрытый,СКРЫТЫЙ,A - acc sg plen m inan,,,й,ы,т,ы,р,к,A,СКРЫТЫЙ,A - acc sg plen m inan,
12,смысл,СМЫСЛ,S m inan acc sg,,,л,с,ы,м,с,,S,СМЫСЛ,S m inan acc sg,
13,.,.,SENT,,,,,,,,,SENT,.,SENT,
,,,,,,,,,,,,,,,
1,Мира,МИРА,S f anim nom sg,,,а,р,и,м,,,S,МИР,S f anim nom sg,
2,@,@,PUNC,,,,,,,,,PUNC,@,PUNC,
3,Думаешь,ДУМАТЬ,V ipf praes sg indic intr act 2p,,,ь,ш,е,а,м,у,V,ДУМАТЬ,V ipf praes sg indic - 2p,
4,",",",",PUNC,,,,,,,,,PUNC,",",PUNC,
5,здесь,ЗДЕСЬ,ADV -,,,ь,с,е,д,з,,ADV,ЗДЕСЬ,ADV -,
6,нет,НЕТ,PART,,,т,е,н,,,,ADV,НЕТ,ADV -,
7,смысла,СМЫСЛ,S m inan gen sg,,,а,л,с,ы,м,с,S,СМЫСЛ,S m inan gen sg,
8,?,?,SENT,,,,,,,,,SENT,?,SENT,
,,,,,,,,,,,,,,,
1,Саша,САША,S - anim nom sg,,,а,ш,а,с,,,S,САША,S - anim nom sg,
2,@,@,PUNC,,,,,,,,,PUNC,@,PUNC,
3,Ну,НУ,PART,,,у,н,,,,,PART,НУ,PART,
4,...,...,SENT,,,,,,,,,SENT,...,SENT,
,,,,,,,,,,,,,,,
1,Может,МОЖЕТ,V ipf praes sg indic intr 3p,"а вообще, это вводное слово, но такой пометы я не нашла :(",,т,е,ж,о,м,,ADV,МОЖЕТ,ADV -,
2,",",",",PUNC,,,,,,,,,PUNC,",",PUNC,
3,авторы,АВТОР,S m anim nom pl,,,ы,р,о,т,в,а,S,АВТОР,S m anim nom pl,
4,",",",",PUNC,,,,,,,,,PUNC,",",PUNC,
5,конечно,КОНЕЧНО,ADV -,,,о,н,ч,е,н,о,ADV,КОНЕЧНО,ADV -,
6,",",",",PUNC,,,,,,,,,PUNC,",",PUNC,
7,что-нибудь,ЧТО-НИБУДЬ,S n - acc sg,,,ь,д,у,б,и,н,S,ЧТО-НИБУДЬ,S n - acc sg,
8,и,И,CONJ,,,и,,,,,,CONJ,И,CONJ,
9,думают,ДУМАТЬ,V ipf praes pl indic intr act 3p,,,т,ю,а,м,у,д,V,ДУМАТЬ,V ipf praes pl indic - 3p,
10,",",",",PUNC,,,,,,,,,PUNC,",",PUNC,
11,ну,НУ,PART,,,у,н,,,,,PART,НУ,PART,
12,...,...,SENT,,,,,,,,,SENT,...,SENT,
,,,,,,,,,,,,,,,
1,Мира,МИРА,S f anim nom sg,,,а,р,и,м,,,S,МИР,S m inan gen sg,
2,@,@,PUNC,,,,,,,,,PUNC,@,PUNC,
3,Ну,НУ,PART,,,у,н,,,,,PART,НУ,PART,
4,не,НЕ,PART,,,е,н,,,,,PART,НЕ,PART,
5,знаю,ЗНАТЬ,V ipf praes sg indic tran 1p,,,ю,а,н,з,,,V,ЗНАТЬ,V ipf praes sg indic - 1p,
6,...,...,SENT,,,,,,,,,SENT,...,SENT,
,,,,,,,,,,,,,,,
1,Саша,САША,S - anim nom sg,,,а,ш,а,с,,,S,САША,S - anim nom sg,
2,@,@,PUNC,,,,,,,,,PUNC,@,PUNC,
3,Я,Я,SPRO sg 1p - nom,,,я,,,,,,SPRO,Я,SPRO sg 1p - nom,
4,думаю,ДУМАТЬ,V ipf praes sg indic intr act 1p,,,ю,а,м,у,д,,V,ДУМАТЬ,V ipf praes sg indic - 1p,
5,",",",",PUNC,,,,,,,,,PUNC,",",PUNC,
6,большинство,БОЛЬШИНСТВО,S n inan nom sg,,,о,в,т,с,н,и,S,БОЛЬШИНСТВО,S n inan nom sg,
7,просто,ПРОСТО,PART,,,о,т,с,о,р,п,PART,ПРОСТО,PART,
8,...,...,SENT,,,,,,,,,SENT,...,SENT,
,,,,,,,,,,,,,,,
1,<,<,PUNC,,,,,,,,,PUNC,<,PUNC,
2,noindex,NOINDEX,NONLEX,,,,,,,,,NONLEX,NOINDEX,NONLEX,
3,>,>,PUNC,,,,,,,,,PUNC,>,PUNC,
4,[,[,PUNC,,,,,,,,,PUNC,[,PUNC,
5,нрзб,НРЗБ,NONLEX,,,б,з,р,н,,,NONLEX,НРЗБ,NONLEX,
6,],],PUNC,,,,,,,,,PUNC,],PUNC,
7,<,<,PUNC,,,,,,,,,PUNC,<,PUNC,
8,/,/,PUNC,,,,,,,,,PUNC,/,PUNC,
9,noindex,NOINDEX,NONLEX,,,,,,,,,NONLEX,NOINDEX,NONLEX,
10,>,>,PUNC,,,,,,,,,PUNC,>,PUNC,
11,<,<,PUNC,,,,,,,,,PUNC,<,PUNC,
12,span,SPAN,NONLEX,,,,,,,,,NONLEX,SPAN,NONLEX,
13,class,CLASS,NONLEX,,,,,,,,,NONLEX,CLASS,NONLEX,
14,=,=,PUNC,,,,,,,,,PUNC,=,PUNC,
15,	,_,,,,,,,,,,,_,16,
16,note,NOTE,NONLEX,,,,,,,,,NONLEX,NOTE,NONLEX,
17,	,_,,,,,,,,,,,_,16,
18,>,>,PUNC,,,,,,,,,PUNC,>,PUNC,
19,Говорят,ГОВОРИТЬ,NONLEX,,,т,я,р,о,в,о,V,ГОВОРИТЬ,V ipf praes pl indic - 3p,
20,одновременно,ОДНОВРЕМЕННО,NONLEX,,,о,н,н,е,м,е,ADV,ОДНОВРЕМЕННО,ADV -,
21,<,<,PUNC,,,,,,,,,PUNC,<,PUNC,
22,/,/,PUNC,,,,,,,,,PUNC,/,PUNC,
23,span,SPAN,NONLEX,,,,,,,,,NONLEX,SPAN,NONLEX,
24,>,>,PUNC,,,,,,,,,PUNC,>,PUNC,
25,.,.,SENT,,,,,,,,,SENT,.,SENT,
,,,,,,,,,,,,,,,
1,Мира,МИРА,S f anim nom sg,,,а,р,и,м,,,S,МИР,S f anim nom sg,
2,@,@,PUNC,,,,,,,,,PUNC,@,PUNC,
3,Это,ЭТО,SPRO nom sg ,,,о,т,э,,,,S,ЭТО,S n - nom sg,
4,так,ТАК,ADV -,,,к,а,т,,,,ADV,ТАК,ADV -,
5,резко,РЕЗКО,ADV -,,,о,к,з,е,р,,ADV,РЕЗКО,ADV -,
6,с,С,PR,,,с,,,,,,PR,С,PR,
7,заправки,ЗАПРАВКА,S f inan gen sg,,,и,к,в,а,р,п,S,ЗАПРАВКА,S f inan gen sg,
8,в,В,PR,,,в,,,,,,PR,В,PR,
9,машину,МАШИНА,S f inan acc sg,,,у,н,и,ш,а,м,S,МАШИНА,S f inan acc sg,
10,",",",",PUNC,,,,,,,,,PUNC,",",PUNC,
11,а,А,CONJ,,,а,,,,,,CONJ,А,CONJ,
12,потом,ПОТОМ,ADV -,,,м,о,т,о,п,,ADV,ПОТОМ,ADV -,
13,в,В,PR,,,в,,,,,,PR,В,PR,
14,кафе,КАФЕ,S n inan acc sg,,,е,ф,а,к,,,S,КАФЕ,S n inan nonflex nonflex,
15,какое-то,КАКОЙ-ТО,APRO - acc sg plen n -,,,о,т,,е,о,к,A,КАКОЙ-ТО,A - acc sg plen n inan,
16,...,...,SENT,,,,,,,,,SENT,...,SENT,
,,,,,,,,,,,,,,,
1,Саша,САША,S - anim nom sg,,,а,ш,а,с,,,S,САША,S - anim nom sg,
2,@,@,PUNC,,,,,,,,,PUNC,@,PUNC,
3,Ну,НУ,PART,,,у,н,,,,,PART,НУ,PART,
4,еще,ЕЩЕ,ADV -,,,е,щ,е,,,,ADV,ЕЩЕ,ADV -,
5,какой-то,КАКОЙ-ТО,APRO - nom sg plen m -,,,о,т,,й,о,к,A,КАКОЙ-ТО,A - nom sg plen m -,
6,мяч,МЯЧ,S m inan nom sg,,,ч,я,м,,,,S,МЯЧ,S m inan nom sg,
7,катится,КАТИТЬСЯ,V ipf praes sg indic intr med 3p,,,я,с,т,и,т,а,V,КАТИТЬСЯ,V ipf praes sg indic - 3p,
8,",",",",PUNC,,,,,,,,,PUNC,",",PUNC,
9,что,ЧТО,CONJ,,,о,т,ч,,,,CONJ,ЧТО,CONJ,
10,это,ЭТО,S n - nom sg,,,о,т,э,,,,S,ЭТО,S n - nom sg,
11,...,...,SENT,,,,,,,,,SENT,...,SENT,
,,,,,,,,,,,,,,,
1,<,<,PUNC,,,,,,,,,PUNC,<,PUNC,
2,noindex,NOINDEX,NONLEX,,,,,,,,,NONLEX,NOINDEX,NONLEX,
3,>,>,PUNC,,,,,,,,,PUNC,>,PUNC,
4,[,[,PUNC,,,,,,,,,PUNC,[,PUNC,
5,нрзб,НРЗБ,NONLEX,,,б,з,р,н,,,NONLEX,НРЗБ,NONLEX,
6,],],PUNC,,,,,,,,,PUNC,],PUNC,
7,<,<,PUNC,,,,,,,,,PUNC,<,PUNC,
8,/,/,PUNC,,,,,,,,,PUNC,/,PUNC,
9,noindex,NOINDEX,NONLEX,,,,,,,,,NONLEX,NOINDEX,NONLEX,
10,>,>,PUNC,,,,,,,,,PUNC,>,PUNC,
11,.,.,SENT,,,,,,,,,SENT,.,SENT,
,,,,,,,,,,,,,,,
1,Мира,МИРА,S f anim nom sg,,,а,р,и,м,,,S,МИР,S f anim nom sg,
2,@,@,PUNC,,,,,,,,,PUNC,@,PUNC,
3,Да,ДА,PART,,,а,д,,,,,CONJ,ДА,CONJ,
4,",",",",PUNC,,,,,,,,,PUNC,",",PUNC,
5,что,ЧТО,CONJ,,,о,т,ч,,,,CONJ,ЧТО,CONJ,
6,это,ЭТО,SPRO nom sg ,,,о,т,э,,,,S,ЭТО,S n - nom sg,
7,значит,ЗНАЧИТЬ,V ipf praes sg indic intr act 3p,,,т,и,ч,а,н,з,V,ЗНАЧИТЬ,V ipf praes sg indic - 3p,
8,вообще,ВООБЩЕ,ADV -,,,е,щ,б,о,о,в,ADV,ВООБЩЕ,ADV -,
9,?,?,SENT,,,,,,,,,SENT,?,SENT,
,,,,,,,,,,,,,,,
1,Мира,МИРА,S f anim nom sg,,,а,р,и,м,,,S,МИР,S m inan gen sg,
2,@,@,PUNC,,,,,,,,,PUNC,@,PUNC,
3,Красивые,КРАСИВЫЙ,A - nom pl plen - -,,,е,ы,в,и,с,а,A,КРАСИВЫЙ,A - nom pl plen - -,
4,волосы,ВОЛОС,S m inan nom pl,,,ы,с,о,л,о,в,S,ВОЛОС,S m inan nom pl,
5,у,У,PR,,,у,,,,,,PR,У,PR,
6,рыженькой,РЫЖЕНЬКИЙ,A - gen sg plen f -,,,й,о,к,ь,н,е,A,РЫЖЕНЬКИЙ,A - dat sg plen f -,
7,.,.,SENT,,,,,,,,,SENT,.,SENT,
,,,,,,,,,,,,,,,
1,Саша,САША,S - anim nom sg,,,а,ш,а,с,,,S,САША,S - anim nom sg,
2,@,@,PUNC,,,,,,,,,PUNC,@,PUNC,
3,У,У,PR,,,у,,,,,,PR,У,PR,
4,них,ОНИ,SPRO pl - - loc,,,х,и,н,,,,SPRO,ОНИ,SPRO pl - - loc,
5,у,У,PR,,,у,,,,,,PR,У,PR,
6,всех,ВСЕ,SPRO - - gen pl,,,х,е,с,в,,,S,ВСЕ,S - - gen pl,
7,красивые,КРАСИВЫЙ,A - nom pl plen - -,,,е,ы,в,и,с,а,A,КРАСИВЫЙ,A - nom pl plen - -,
8,волосы,ВОЛОС,S m inan nom pl,,,ы,с,о,л,о,в,S,ВОЛОС,S m inan nom pl,
9,...,...,SENT,,,,,,,,,SENT,...,SENT,
,,,,,,,,,,,,,,,
1,Мира,МИРА,S f anim nom sg,,,а,р,и,м,,,S,МИР,S m inan gen sg,
2,@,@,PUNC,,,,,,,,,PUNC,@,PUNC,
3,Да,ДА,PART,,,а,д,,,,,PART,ДА,PART,
4,.,.,SENT,,,,,,,,,SENT,.,SENT,
,,,,,,,,,,,,,,,
1,Мира,МИРА,S f anim nom sg,,,а,р,и,м,,,S,МИР,S f anim nom sg,
2,@,@,PUNC,,,,,,,,,PUNC,@,PUNC,
3,Мелодия,МЕЛОДИЯ,S f inan nom sg,,,я,и,д,о,л,е,S,МЕЛОДИЯ,S f inan nom sg,
4,такая,ТАКОЙ,APRO - nom sg plen f -,,,я,а,к,а,т,,A,ТАКОЙ,A - nom sg plen f -,
5,",",",",PUNC,,,,,,,,,PUNC,",",PUNC,
6,заедает,ЗАЕДАТЬ,V ipf praes sg indic intr act 3p,,,т,е,а,д,е,а,V,ЗАЕДАТЬ,V ipf praes sg indic - 3p,
7,в,В,PR,,,в,,,,,,PR,В,PR,
8,голове,ГОЛОВА,S f inan loc sg,,,е,в,о,л,о,г,S,ГОЛОВА,S f inan loc sg,
9,.,.,SENT,,,,,,,,,SENT,.,SENT,
,,,,,,,,,,,,,,,
1,Саша,САША,S - anim nom sg,,,а,ш,а,с,,,S,САША,S - anim nom sg,
2,@,@,PUNC,,,,,,,,,PUNC,@,PUNC,
3,<,<,PUNC,,,,,,,,,PUNC,<,PUNC,
4,noindex,NOINDEX,NONLEX,,,,,,,,,NONLEX,NOINDEX,NONLEX,
5,>,>,PUNC,,,,,,,,,PUNC,>,PUNC,
6,[,[,PUNC,,,,,,,,,PUNC,[,PUNC,
7,нрзб,НРЗБ,NONLEX,,,б,з,р,н,,,NONLEX,НРЗБ,NONLEX,
8,],],PUNC,,,,,,,,,PUNC,],PUNC,
9,<,<,PUNC,,,,,,,,,PUNC,<,PUNC,
10,/,/,PUNC,,,,,,,,,PUNC,/,PUNC,
11,noindex,NOINDEX,NONLEX,,,,,,,,,NONLEX,NOINDEX,NONLEX,
12,>,>,PUNC,,,,,,,,,PUNC,>,PUNC,
13,...,...,SENT,,,,,,,,,SENT,...,SENT,
,,,,,,,,,,,,,,,
1,Да,ДА,PART,,,а,д,,,,,CONJ,ДА,CONJ,
2,",",",",PUNC,,,,,,,,,PUNC,",",PUNC,
3,еще,ЕЩЕ,ADV -,,,е,щ,е,,,,ADV,ЕЩЕ,ADV -,
4,ритм,РИТМ,S m inan nom sg,,,м,т,и,р,,,S,РИТМ,S m inan nom sg,
5,такой,ТАКОЙ,A - nom sg plen m -,,,й,о,к,а,т,,A,ТАКОЙ,A - nom sg plen m -,
6,классный,КЛАССНЫЙ,A - nom sg plen m -,,,й,ы,н,с,с,а,A,КЛАССНЫЙ,A - nom sg plen m -,
7,.,.,SENT,,,,,,,,,SENT,.,SENT,
,,,,,,,,,,,,,,,
1,Мира,МИРА,S f anim nom sg,,,а,р,и,м,,,S,МИР,S f anim nom sg,
2,@,@,PUNC,,,,,,,,,PUNC,@,PUNC,
3,Ага,АГА,PART,,,а,г,а,,,,PART,АГА,PART,
4,.,.,SENT,,,,,,,,,SENT,.,SENT,
,,,,,,,,,,,,,,,
1,Саша,САША,S - anim nom sg,,,а,ш,а,с,,,S,САША,S - anim nom sg,
2,@,@,PUNC,,,,,,,,,PUNC,@,PUNC,
3,И,И,CONJ,,,и,,,,,,CONJ,И,CONJ,
4,съемка,СЪЕМКА,S f inan nom sg,,,а,к,м,е,ъ,с,S,СЪЕМКА,S f inan nom sg,
5,!,!,SENT,,,,,,,,,SENT,!,SENT,
,,,,,,,,,,,,,,,
1,Мира,МИРА,S f anim nom sg,,,а,р,и,м,,,S,МИР,S f anim nom sg,
2,@,@,PUNC,,,,,,,,,PUNC,@,PUNC,
3,Так,ТАК,INTJ,,,к,а,т,,,,ADV,ТАК,ADV -,
4,",",",",PUNC,,,,,,,,,PUNC,",",PUNC,
5,а,А,CONJ,,,а,,,,,,CONJ,А,CONJ,
6,теперь,ТЕПЕРЬ,ADV -,,,ь,р,е,п,е,т,ADV,ТЕПЕРЬ,ADV -,
7,они,ОНИ,SPRO pl - - nom,,,и,н,о,,,,SPRO,ОНИ,SPRO pl - - nom,
8,едут,ЕХАТЬ,V ipf praes pl indic intract  3p ,,,т,у,д,е,,,V,ЕХАТЬ,V ipf praes pl indic - 3p,
9,в...,В...,PR,,,,,,в,,,PR,В...,PR,
10,тележке,ТЕЛЕЖКА,S f inan loc sg,,,е,к,ж,е,л,е,S,ТЕЛЕЖКА,S f inan dat sg,
11,?,?,SENT,,,,,,,,,SENT,?,SENT,
,,,,,,,,,,,,,,,
1,Саша,САША,S - anim nom sg,,,а,ш,а,с,,,S,САША,S - anim nom sg,
2,@,@,PUNC,,,,,,,,,PUNC,@,PUNC,
3,Я,Я,SPRO sg 1p - nom,,,я,,,,,,SPRO,Я,SPRO sg 1p - nom,
4,уже,УЖЕ,ADV -,,,е,ж,у,,,,ADV,УЖЕ,ADV -,
5,перестала,ПЕРЕСТАТЬ,V pf praet sg indic f intr act,,,а,л,а,т,с,е,V,ПЕРЕСТАТЬ,V pf praet sg indic f -,
6,понимать,ПОНИМАТЬ,V ipf - - inf tran act,,,ь,т,а,м,и,н,V,ПОНИМАТЬ,V ipf - - inf - -,
7,",",",",PUNC,,,,,,,,,PUNC,",",PUNC,
8,что,ЧТО,CONJ,,,о,т,ч,,,,CONJ,ЧТО,CONJ,
9,там,ТАМ,"ADVPRO 
",,,м,а,т,,,,ADV,ТАМ,ADV -,
10,происходит,ПРОИСХОДИТЬ,V ipf praes sg indic intr act 3p,,,т,и,д,о,х,с,V,ПРОИСХОДИТЬ,V ipf praes sg indic - 3p,
11,",",",",PUNC,,,,,,,,,PUNC,",",PUNC,
12,но,НО,CONJ,,,о,н,,,,,CONJ,НО,CONJ,
13,...,...,SENT,,,,,,,,,SENT,...,SENT,
,,,,,,,,,,,,,,,
1,Мира,МИРА,S f anim nom sg,,,а,р,и,м,,,S,МИР,S m inan gen sg,
2,@,@,PUNC,,,,,,,,,PUNC,@,PUNC,
3,Танец,ТАНЕЦ,S m inan nom sg,,,ц,е,н,а,т,,S,ТАНЕЦ,S m inan nom sg,
4,классный,КЛАССНЫЙ,A - nom sg plen m -,,,й,ы,н,с,с,а,A,КЛАССНЫЙ,A - nom sg plen m -,
5,",",",",PUNC,,,,,,,,,PUNC,",",PUNC,
6,сложный,СЛОЖНЫЙ,A - nom sg plen m -,,,й,ы,н,ж,о,л,A,СЛОЖНЫЙ,A - nom sg plen m -,
7,",",",",PUNC,,,,,,,,,PUNC,",",PUNC,
8,видно,ВИДНО,ADV -,,,о,н,д,и,в,,ADV,ВИДНО,ADV -,
9,.,.,SENT,,,,,,,,,SENT,.,SENT,
,,,,,,,,,,,,,,,
1,Саша,САША,S - anim nom sg,,,а,ш,а,с,,,S,САША,S - anim nom sg,
2,@,@,PUNC,,,,,,,,,PUNC,@,PUNC,
3,Да,ДА,PART,,,а,д,,,,,PART,ДА,PART,
4,...,...,SENT,,,,,,,,,SENT,...,SENT,
,,,,,,,,,,,,,,,
1,Обе,ОБА,NONLEX,,,е,б,о,,,,NUM,ОБА,NUM nom f -,
2,смеются,СМЕЯТЬСЯ,NONLEX,,,я,с,т,ю,е,м,V,СМЕЯТЬСЯ,V ipf praes pl indic - 3p,
3,.,.,SENT,,,,,,,,,SENT,.,SENT,
,,,,,,,,,,,,,,,
1,Мира,МИРА,S f anim nom sg,,,а,р,и,м,,,S,МИР,S f anim nom sg,
2,@,@,PUNC,,,,,,,,,PUNC,@,PUNC,
3,Что,ЧТО,CONJ,,,о,т,ч,,,,CONJ,ЧТО,CONJ,
4,это,ЭТО,S n inan acc sg,,,о,т,э,,,,S,ЭТО,S n inan acc sg,
5,?,?,SENT,,,,,,,,,SENT,?,SENT,
,,,,,,,,,,,,,,,
1,Мира,МИРА,S f anim nom sg,,,а,р,и,м,,,S,МИР,S m inan gen sg,
2,@,@,PUNC,,,,,,,,,PUNC,@,PUNC,
3,Ладно,ЛАДНО,PART,,,о,н,д,а,л,,PART,ЛАДНО,PART,
4,",",",",PUNC,,,,,,,,,PUNC,",",PUNC,
5,я,Я,SPRO sg 1p - nom,,,я,,,,,,SPRO,Я,SPRO sg 1p - nom,
6,пыталась,ПЫТАТЬСЯ,V ipf praet sg indic intr f med,,,ь,с,а,л,а,т,V,ПЫТАТЬСЯ,V ipf praet sg indic f -,
7,понять,ПОНЯТЬ,V pf - - inf tran act,,,ь,т,я,н,о,п,V,ПОНЯТЬ,V pf - - inf - -,
8,о,О,PR,,,о,,,,,,PR,О,PR,
9,чем,ЧТО,SPRO - loc sg,,,м,е,ч,,,,S,ЧТО,S n - ins sg,
10,...,...,SENT,,,,,,,,,SENT,...,SENT,
,,,,,,,,,,,,,,,
1,Саша,САША,S - anim nom sg,,,а,ш,а,с,,,S,САША,S - anim nom sg,
2,@,@,PUNC,,,,,,,,,PUNC,@,PUNC,
3,Сколько,СКОЛЬКО,ADV -,,,о,к,ь,л,о,к,ADV,СКОЛЬКО,ADV -,
4,раз,РАЗ,S m inan acc pl,,,з,а,р,,,,S,РАЗ,S m inan acc sg,
5,они,ОНИ,SPRO pl - - nom,,,и,н,о,,,,SPRO,ОНИ,SPRO pl - - nom,
6,уже,УЖЕ,ADV -,,,е,ж,у,,,,ADV,УЖЕ,ADV -,
7,сменили,СМЕНИТЬ,V pf praet pl indic tran -,,,и,л,и,н,е,м,V,СМЕНИТЬ,V pf praet pl indic - -,
8,наряды,НАРЯД,S m inan nom pl,,,ы,д,я,р,а,н,S,НАРЯД,S m inan nom pl,
9,?,?,SENT,,,,,,,,,SENT,?,SENT,
,,,,,,,,,,,,,,,
1,Мира,МИРА,S f anim nom sg,,,а,р,и,м,,,S,МИР,S m inan gen sg,
2,@,@,PUNC,,,,,,,,,PUNC,@,PUNC,
3,А,А,CONJ,,,а,,,,,,CONJ,А,CONJ,
4,причем,ПРИЧЕМ,CONJ,,,м,е,ч,и,р,п,CONJ,ПРИЧЕМ,CONJ,
5,тут,ТУТ,"ADVPRO 
",,,т,у,т,,,,ADV,ТУТ,ADV -,
6,ice,ICE,NONLEX,,,,,,,,,NONLEX,ICE,NONLEX,
7,cream,CREAM,NONLEX,,,,,,,,,NONLEX,CREAM,NONLEX,
8,cake,CAKE,NONLEX,,,,,,,,,NONLEX,CAKE,NONLEX,
9,?,?,SENT,,,,,,,,,SENT,?,SENT,
,,,,,,,,,,,,,,,
1,<,<,PUNC,,,,,,,,,PUNC,<,PUNC,
2,noindex,NOINDEX,NONLEX,,,,,,,,,NONLEX,NOINDEX,NONLEX,
3,>,>,PUNC,,,,,,,,,PUNC,>,PUNC,
4,[,[,PUNC,,,,,,,,,PUNC,[,PUNC,
5,нрзб,НРЗБ,NONLEX,,,б,з,р,н,,,NONLEX,НРЗБ,NONLEX,
6,],],PUNC,,,,,,,,,PUNC,],PUNC,
7,<,<,PUNC,,,,,,,,,PUNC,<,PUNC,
8,/,/,PUNC,,,,,,,,,PUNC,/,PUNC,
9,noindex,NOINDEX,NONLEX,,,,,,,,,NONLEX,NOINDEX,NONLEX,
10,>,>,PUNC,,,,,,,,,PUNC,>,PUNC,
11,.,.,SENT,,,,,,,,,SENT,.,SENT,
,,,,,,,,,,,,,,,
1,Саша,САША,S - anim nom sg,,,а,ш,а,с,,,S,САША,S - anim nom sg,
2,@,@,PUNC,,,,,,,,,PUNC,@,PUNC,
3,Я,Я,SPRO sg 1p - nom,,,я,,,,,,SPRO,Я,SPRO sg 1p - nom,
4,не,НЕ,PART,,,е,н,,,,,PART,НЕ,PART,
5,знаю,ЗНАТЬ,V ipf praes sg indic tran act 1p,,,ю,а,н,з,,,V,ЗНАТЬ,V ipf praes sg indic - 1p,
6,...,...,SENT,,,,,,,,,SENT,...,SENT,
,,,,,,,,,,,,,,,
1,Я,Я,SPRO sg 1p - nom,,,я,,,,,,SPRO,Я,SPRO sg 1p - nom,
2,",",",",PUNC,,,,,,,,,PUNC,",",PUNC,
3,я,Я,SPRO sg 1p - nom,,,я,,,,,,SPRO,Я,SPRO sg 1p - nom,
4,не,НЕ,PART,,,е,н,,,,,PART,НЕ,PART,
5,знаю,ЗНАТЬ,V ipf praes sg indic tran 1p,,,ю,а,н,з,,,V,ЗНАТЬ,V ipf praes sg indic - 1p,
6,!,!,SENT,,,,,,,,,SENT,!,SENT,
,,,,,,,,,,,,,,,
1,Это,ЭТО,SPRO nom sg ,,,о,т,э,,,,A,ЭТОТ,A - acc sg plen n -,
2,единственное,ЕДИНСТВЕННЫЙ,A - nom sg plen n -,,,е,о,н,н,е,в,A,ЕДИНСТВЕННЫЙ,A - nom sg plen n -,
3,слово,СЛОВО,S n inan nom sg,,,о,в,о,л,с,,S,СЛОВО,S n inan nom sg,
4,",",",",PUNC,,,,,,,,,PUNC,",",PUNC,
5,которое,КОТОРЫЙ,A - nom sg plen n -,,,е,о,р,о,т,о,A,КОТОРЫЙ,A - nom sg plen n -,
6,я,Я,SPRO sg 1p - nom,,,я,,,,,,SPRO,Я,SPRO sg 1p - nom,
7,понимаю,ПОНИМАТЬ,V ipf praes sg indic tran act 1p,,,ю,а,м,и,н,о,V,ПОНИМАТЬ,V ipf praes sg indic - 1p,
8,!,!,SENT,,,,,,,,,SENT,!,SENT,
,,,,,,,,,,,,,,,
1,Мира,МИРА,S f anim nom sg,,,а,р,и,м,,,S,МИР,S f anim nom sg,
2,@,@,PUNC,,,,,,,,,PUNC,@,PUNC,
3,Да,ДА,PART,,,а,д,,,,,PART,ДА,PART,
4,!,!,SENT,,,,,,,,,SENT,!,SENT,
,,,,,,,,,,,,,,,
1,Саша,САША,S - anim nom sg,,,а,ш,а,с,,,S,САША,S - anim nom sg,
2,@,@,PUNC,,,,,,,,,PUNC,@,PUNC,
3,И,И,CONJ,,,и,,,,,,CONJ,И,CONJ,
4,еще,ЕЩЕ,ADV -,,,е,щ,е,,,,ADV,ЕЩЕ,ADV -,
5,...,...,SENT,,,,,,,,,SENT,...,SENT,
,,,,,,,,,,,,,,,
1,Еще,ЕЩЕ,PART,,,е,щ,е,,,,PART,ЕЩЕ,PART,
2,типа,ТИПА,PART,,,а,п,и,т,,,S,ТИП,S m inan gen sg,
3,	,_,,,,,,,,,,,_,4,
4,я,Я,SPRO sg 1p - nom,,,я,,,,,,SPRO,Я,SPRO sg 1p - nom,
5,кричу,КРИЧАТЬ,V ipf praes sg indic tran act 1p,,,у,ч,и,р,к,,V,КРИЧАТЬ,V ipf praes sg indic - 1p,
6,	,_,,,,,,,,,,,_,5,
7,.,.,SENT,,,,,,,,,SENT,.,SENT,
,,,,,,,,,,,,,,,
1,Мира,МИРА,S f anim nom sg,,,а,р,и,м,,,S,МИР,S f anim nom sg,
2,@,@,PUNC,,,,,,,,,PUNC,@,PUNC,
3,Да,ДА,PART,,,а,д,,,,,PART,ДА,PART,
4,.,.,SENT,,,,,,,,,SENT,.,SENT,
,,,,,,,,,,,,,,,
1,I,I,NUM - - -,,,,,,,,,NUM,I,NUM - - -,
2,scream,SCREAM,NONLEX,,,,,,,,,NONLEX,SCREAM,NONLEX,
3,",",",",PUNC,,,,,,,,,PUNC,",",PUNC,
4,you,YOU,NONLEX,,,,,,,,,NONLEX,YOU,NONLEX,
5,scream,SCREAM,NONLEX,,,,,,,,,NONLEX,SCREAM,NONLEX,
6,...,...,SENT,,,,,,,,,SENT,...,SENT,
,,,,,,,,,,,,,,,
1,Саша,САША,S - anim nom sg,,,а,ш,а,с,,,S,САША,S - anim nom sg,
2,@,@,PUNC,,,,,,,,,PUNC,@,PUNC,
3,<,<,PUNC,,,,,,,,,PUNC,<,PUNC,
4,noindex,NOINDEX,NONLEX,,,,,,,,,NONLEX,NOINDEX,NONLEX,
5,>,>,PUNC,,,,,,,,,PUNC,>,PUNC,
6,[,[,PUNC,,,,,,,,,PUNC,[,PUNC,
7,нрзб,НРЗБ,NONLEX,,,б,з,р,н,,,NONLEX,НРЗБ,NONLEX,
8,],],PUNC,,,,,,,,,PUNC,],PUNC,
9,<,<,PUNC,,,,,,,,,PUNC,<,PUNC,
10,/,/,PUNC,,,,,,,,,PUNC,/,PUNC,
11,noindex,NOINDEX,NONLEX,,,,,,,,,NONLEX,NOINDEX,NONLEX,
12,>,>,PUNC,,,,,,,,,PUNC,>,PUNC,
13,<,<,PUNC,,,,,,,,,PUNC,<,PUNC,
14,span,SPAN,NONLEX,,,,,,,,,NONLEX,SPAN,NONLEX,
15,class,CLASS,NONLEX,,,,,,,,,NONLEX,CLASS,NONLEX,
16,=,=,PUNC,,,,,,,,,PUNC,=,PUNC,
17,	,_,,,,,,,,,,,_,18,
18,note,NOTE,NONLEX,,,,,,,,,NONLEX,NOTE,NONLEX,
19,	,_,,,,,,,,,,,_,18,
20,>,>,PUNC,,,,,,,,,PUNC,>,PUNC,
21,Говорят,ГОВОРИТЬ,NONLEX,,,т,я,р,о,в,о,V,ГОВОРИТЬ,V ipf praes pl indic - 3p,
22,одновременно,ОДНОВРЕМЕННО,NONLEX,,,о,н,н,е,м,е,ADV,ОДНОВРЕМЕННО,ADV -,
23,<,<,PUNC,,,,,,,,,PUNC,<,PUNC,
24,/,/,PUNC,,,,,,,,,PUNC,/,PUNC,
25,span,SPAN,NONLEX,,,,,,,,,NONLEX,SPAN,NONLEX,
26,>,>,PUNC,,,,,,,,,PUNC,>,PUNC,
27,.,.,SENT,,,,,,,,,SENT,.,SENT,
,,,,,,,,,,,,,,,
1,Мира,МИРА,S f anim nom sg,,,а,р,и,м,,,S,МИР,S f anim nom sg,
2,@,@,PUNC,,,,,,,,,PUNC,@,PUNC,
3,Ну,НУ,PART,,,у,н,,,,,PART,НУ,PART,
4,это,ЭТО,SPRO nom sg,,,о,т,э,,,,S,ЭТО,S n - nom sg,
5,смотрится,СМОТРЕТЬСЯ,V ipf praes sg indic intr 3p med,,,я,с,т,и,р,т,V,СМОТРЕТЬСЯ,V ipf praes sg indic - 3p,
6,очень,ОЧЕНЬ,ADV -,,,ь,н,е,ч,о,,ADV,ОЧЕНЬ,ADV -,
7,даже,ДАЖЕ,PART,,,е,ж,а,д,,,PART,ДАЖЕ,PART,
8,красиво,КРАСИВЫЙ,A - - sg brev n -,,,о,в,и,с,а,р,A,КРАСИВЫЙ,A - - sg brev n -,
9,.,.,SENT,,,,,,,,,SENT,.,SENT,
,,,,,,,,,,,,,,,
1,Саша,САША,S - anim nom sg,,,а,ш,а,с,,,S,САША,S - anim nom sg,
2,@,@,PUNC,,,,,,,,,PUNC,@,PUNC,
3,Мне,Я,SPRO sg 1p - loc,,,е,н,м,,,,SPRO,Я,SPRO sg 1p - loc,
4,просто,ПРОСТО,ADV -,,,о,т,с,о,р,п,ADV,ПРОСТО,ADV -,
5,нравится,НРАВИТЬСЯ,V ipf praes sg indic intr 3p med,,,я,с,т,и,в,а,V,НРАВИТЬСЯ,V ipf praes sg indic - 3p,
6,...,...,SENT,,,,,,,,,SENT,...,SENT,
,,,,,,,,,,,,,,,
1,<,<,PUNC,,,,,,,,,PUNC,<,PUNC,
2,noindex,NOINDEX,NONLEX,,,,,,,,,NONLEX,NOINDEX,NONLEX,
3,>,>,PUNC,,,,,,,,,PUNC,>,PUNC,
4,[,[,PUNC,,,,,,,,,PUNC,[,PUNC,
5,нрзб,НРЗБ,NONLEX,,,б,з,р,н,,,NONLEX,НРЗБ,NONLEX,
6,],],PUNC,,,,,,,,,PUNC,],PUNC,
7,<,<,PUNC,,,,,,,,,PUNC,<,PUNC,
8,/,/,PUNC,,,,,,,,,PUNC,/,PUNC,
9,noindex,NOINDEX,NONLEX,,,,,,,,,NONLEX,NOINDEX,NONLEX,
10,>,>,PUNC,,,,,,,,,PUNC,>,PUNC,
11,<,<,PUNC,,,,,,,,,PUNC,<,PUNC,
12,span,SPAN,NONLEX,,,,,,,,,NONLEX,SPAN,NONLEX,
13,class,CLASS,NONLEX,,,,,,,,,NONLEX,CLASS,NONLEX,
14,=,=,PUNC,,,,,,,,,PUNC,=,PUNC,
15,	,_,,,,,,,,,,,_,16,
16,note,NOTE,NONLEX,,,,,,,,,NONLEX,NOTE,NONLEX,
17,	,_,,,,,,,,,,,_,16,
18,>,>,PUNC,,,,,,,,,PUNC,>,PUNC,
19,Говорят,ГОВОРИТЬ,NONLEX,"нонлекс, т.к. теги вроде не надо размечать",,т,я,р,о,в,о,V,ГОВОРИТЬ,V ipf praes pl indic - 3p,
20,одновременно,ОДНОВРЕМЕННО,NONLEX,,,о,н,н,е,м,е,ADV,ОДНОВРЕМЕННО,ADV -,
21,<,<,PUNC,,,,,,,,,PUNC,<,PUNC,
22,/,/,PUNC,,,,,,,,,PUNC,/,PUNC,
23,span,SPAN,NONLEX,,,,,,,,,NONLEX,SPAN,NONLEX,
24,>,>,PUNC,,,,,,,,,PUNC,>,PUNC,
25,.,.,SENT,,,,,,,,,SENT,.,SENT,
,,,,,,,,,,,,,,,
1,Мира,МИРА,S f anim nom sg,,,а,р,и,м,,,S,МИР,S f anim nom sg,
2,@,@,PUNC,,,,,,,,,PUNC,@,PUNC,
3,Оригинально,ОРИГИНАЛЬНО,ADV -,,,о,н,ь,л,а,н,ADV,ОРИГИНАЛЬНО,ADV -,
4,.,.,SENT,,,,,,,,,SENT,.,SENT,
,,,,,,,,,,,,,,,
1,Саша,САША,S - anim nom sg,,,а,ш,а,с,,,S,САША,S - anim nom sg,
2,@,@,PUNC,,,,,,,,,PUNC,@,PUNC,
3,Великолепно,ВЕЛИКОЛЕПНО,ADV -,,,о,н,п,е,л,о,ADV,ВЕЛИКОЛЕПНО,ADV -,
4,",",",",PUNC,,,,,,,,,PUNC,",",PUNC,
5,да,ДА,PART,,,а,д,,,,,PART,ДА,PART,
6,.,.,SENT,,,,,,,,,SENT,.,SENT,
,,,,,,,,,,,,,,,
1,И...,И...,CONJ,,,,,,и,,,CONJ,И...,CONJ,
2,мне,Я,SPRO sg 1p - loc,,,е,н,м,,,,SPRO,Я,SPRO sg 1p - loc,
3,пейзажи,ПЕЙЗАЖ,S m inan nom pl,,,и,ж,а,з,й,е,S,ПЕЙЗАЖ,S m inan acc pl,
4,так,ТАК,ADV -,,,к,а,т,,,,ADV,ТАК,ADV -,
5,нравятся,НРАВИТЬСЯ,V ipf praes pl indic tran 3p med,,,я,с,т,я,в,а,V,НРАВИТЬСЯ,V ipf praes pl indic - 3p,
6,",",",",PUNC,,,,,,,,,PUNC,",",PUNC,
7,и,И,CONJ,,,и,,,,,,CONJ,И,CONJ,
8,...,...,SENT,,,,,,,,,SENT,...,SENT,
,,,,,,,,,,,,,,,
1,Мира,МИРА,S f anim nom sg,,,а,р,и,м,,,S,МИР,S m inan gen sg,
2,@,@,PUNC,,,,,,,,,PUNC,@,PUNC,
3,Да,ДА,PART,"не очень уверена, что тут вообще писать",,а,д,,,,,PART,ДА,PART,
4,.,.,SENT,,,,,,,,,SENT,.,SENT,
,,,,,,,,,,,,,,,
1,Саша,САША,S - anim nom sg,,,а,ш,а,с,,,S,САША,S - anim nom sg,
2,@,@,PUNC,,,,,,,,,PUNC,@,PUNC,
3,<,<,PUNC,,,,,,,,,PUNC,<,PUNC,
4,noindex,NOINDEX,NONLEX,,,,,,,,,NONLEX,NOINDEX,NONLEX,
5,>,>,PUNC,,,,,,,,,PUNC,>,PUNC,
6,[,[,PUNC,,,,,,,,,PUNC,[,PUNC,
7,нрзб,НРЗБ,NONLEX,,,б,з,р,н,,,NONLEX,НРЗБ,NONLEX,
8,],],PUNC,,,,,,,,,PUNC,],PUNC,
9,<,<,PUNC,,,,,,,,,PUNC,<,PUNC,
10,/,/,PUNC,,,,,,,,,PUNC,/,PUNC,
11,noindex,NOINDEX,NONLEX,,,,,,,,,NONLEX,NOINDEX,NONLEX,
12,>,>,PUNC,,,,,,,,,PUNC,>,PUNC,
13,.,.,SENT,,,,,,,,,SENT,.,SENT,
,,,,,,,,,,,,,,,
1,Мира,МИРА,S f anim nom sg,,,а,р,и,м,,,S,МИР,S f anim nom sg,
2,@,@,PUNC,,,,,,,,,PUNC,@,PUNC,
3,А,А,INTJ,,,а,,,,,,CONJ,А,CONJ,
4,",",",",PUNC,,,,,,,,,PUNC,",",PUNC,
5,ну,НУ,PART,,,у,н,,,,,PART,НУ,PART,
6,и,И,CONJ,,,и,,,,,,CONJ,И,CONJ,
7,торт,ТОРТ,S m inan nom sg,,,т,р,о,т,,,S,ТОРТ,S m inan nom sg,
8,закончился,ЗАКОНЧИТЬСЯ,V pf praet sg indic m intr med,,,я,с,л,и,ч,н,V,ЗАКОНЧИТЬСЯ,V pf praet sg indic m -,
9,.,.,SENT,,,,,,,,,SENT,.,SENT,
,,,,,,,,,,,,,,,
1,Саша,САША,S - anim nom sg,,,а,ш,а,с,,,S,САША,S - anim nom sg,
2,@,@,PUNC,,,,,,,,,PUNC,@,PUNC,
3,В,В,PR,,,в,,,,,,PR,В,PR,
4,чем,ЧЕМ,"SPRO loc
",,,м,е,ч,,,,CONJ,ЧЕМ,CONJ,
5,смысл,СМЫСЛ,S m inan nom sg,,,л,с,ы,м,с,,S,СМЫСЛ,S m inan nom sg,
6,видео,ВИДЕО,S n inan gen sg,,,о,е,д,и,в,,S,ВИДЕО,S n inan nonflex nonflex,
7,?,?,SENT,,,,,,,,,SENT,?,SENT,
,,,,,,,,,,,,,,,
1,Мира,МИРА,S f anim nom sg,,,а,р,и,м,,,S,МИР,S m inan gen sg,
2,@,@,PUNC,,,,,,,,,PUNC,@,PUNC,
3,<,<,PUNC,,,,,,,,,PUNC,<,PUNC,
4,noindex,NOINDEX,NONLEX,,,,,,,,,NONLEX,NOINDEX,NONLEX,
5,>,>,PUNC,,,,,,,,,PUNC,>,PUNC,
6,[,[,PUNC,,,,,,,,,PUNC,[,PUNC,
7,нрзб,НРЗБ,NONLEX,,,б,з,р,н,,,NONLEX,НРЗБ,NONLEX,
8,],],PUNC,,,,,,,,,PUNC,],PUNC,
9,<,<,PUNC,,,,,,,,,PUNC,<,PUNC,
10,/,/,PUNC,,,,,,,,,PUNC,/,PUNC,
11,noindex,NOINDEX,NONLEX,,,,,,,,,NONLEX,NOINDEX,NONLEX,
12,>,>,PUNC,,,,,,,,,PUNC,>,PUNC,
13,.,.,SENT,,,,,,,,,SENT,.,SENT,
,,,,,,,,,,,,,,,
1,Саша,САША,S - anim nom sg,,,а,ш,а,с,,,S,САША,S - anim nom sg,
2,@,@,PUNC,,,,,,,,,PUNC,@,PUNC,
3,Часть,ЧАСТЬ,S f inan nom sg,,,ь,т,с,а,ч,,S,ЧАСТЬ,S f inan nom sg,
4,видео,ВИДЕО,S n inan gen sg,,,о,е,д,и,в,,S,ВИДЕО,S n inan nonflex nonflex,
5,",",",",PUNC,,,,,,,,,PUNC,",",PUNC,
6,которая,КОТОРЫЙ,APRO - nom sg plen f -,,,я,а,р,о,т,о,A,КОТОРЫЙ,A - nom sg plen f -,
7,понятна,ПОНЯТНЫЙ,A - - sg brev f -,,,а,н,т,я,н,о,A,ПОНЯТНЫЙ,A - - sg brev f -,
8,@,@,PUNC,,,,,,,,,PUNC,@,PUNC,
9,торт,ТОРТ,S m inan nom sg,,,т,р,о,т,,,S,ТОРТ,S m inan nom sg,
10,закончился,ЗАКОНЧИТЬСЯ,V pf praet sg indic m intr med,,,я,с,л,и,ч,н,V,ЗАКОНЧИТЬСЯ,V pf praet sg indic m -,
11,к,К,PR,,,к,,,,,,PR,К,PR,
12,концу,КОНЕЦ,S m inan dat sg,,,у,ц,н,о,к,,S,КОНЕЦ,S m inan dat sg,
13,видео,ВИДЕО,S n inan nonflex nonflex,,,о,е,д,и,в,,S,ВИДЕО,S n inan nonflex nonflex,
14,.,.,SENT,,,,,,,,,SENT,.,SENT,
,,,,,,,,,,,,,,,
1,Мира,МИРА,S f anim nom sg,,,а,р,и,м,,,S,МИР,S f anim nom sg,
2,@,@,PUNC,,,,,,,,,PUNC,@,PUNC,
3,Да,ДА,PART,,,а,д,,,,,PART,ДА,PART,
4,",",",",PUNC,,,,,,,,,PUNC,",",PUNC,
5,был,БЫТЬ,V ipf praet sg indic m intr act,,,л,ы,б,,,,V,БЫТЬ,V ipf praet sg indic m -,
6,торт,ТОРТ,S m inan acc sg,,,т,р,о,т,,,S,ТОРТ,S m inan acc sg,
7,",",",",PUNC,,,,,,,,,PUNC,",",PUNC,
8,они,ОНИ,SPRO pl - - nom,,,и,н,о,,,,SPRO,ОНИ,SPRO pl - - nom,
9,там,ТАМ,ADV -,,,м,а,т,,,,ADV,ТАМ,ADV -,
10,<,<,PUNC,,,,,,,,,PUNC,<,PUNC,
11,distinct,DISTINCT,NONLEX,,,,,,,,,NONLEX,DISTINCT,NONLEX,
12,form,FORM,NONLEX,,,,,,,,,NONLEX,FORM,NONLEX,
13,=,=,PUNC,,,,,,,,,PUNC,=,PUNC,
14,	,_,,,,,,,,,,,_,15,
15,чёт,ЧЕТ,SPRO ,distort,,т,ё,ч,,,,S,ЧЕТ,S m inan nom sg,
16,	,_,,,,,,,,,,,_,15,
17,>,>,PUNC,,,,,,,,,PUNC,>,PUNC,
18,что-то,ЧТО-ТО,SPRO ,"честно говоря, не уверена, как это размечать, т.к. употребление слова чисто разговорное и грамматически, думаю, неверное",,о,т,,о,т,ч,S,ЧТО-ТО,S n - acc sg,
19,<,<,PUNC,,,,,,,,,PUNC,<,PUNC,
20,/,/,PUNC,,,,,,,,,PUNC,/,PUNC,
21,distinct,DISTINCT,NONLEX,,,,,,,,,NONLEX,DISTINCT,NONLEX,
22,>,>,PUNC,,,,,,,,,PUNC,>,PUNC,
23,побесились,ПОБЕСИТЬСЯ,V pf praet pl indic intr med,,,ь,с,и,л,и,с,V,ПОБЕСИТЬСЯ,V pf praet pl indic - -,
24,в,В,PR,,,в,,,,,,PR,В,PR,
25,разных,РАЗНЫЙ,A - loc pl plen - -,,,х,ы,н,з,а,р,A,РАЗНЫЙ,A - loc pl plen - -,
26,местах,МЕСТО,S n inan loc pl,,,х,а,т,с,е,м,S,МЕСТО,S n inan loc pl,
27,",",",",PUNC,,,,,,,,,PUNC,",",PUNC,
28,мяч,МЯЧ,S m inan nom sg,,,ч,я,м,,,,S,МЯЧ,S m inan nom sg,
29,какой-то,КАКОЙ-ТО,APRO - nom sg plen m -,,,о,т,,й,о,к,A,КАКОЙ-ТО,A - nom sg plen m -,
30,огромный,ОГРОМНЫЙ,A - nom sg plen m -,,,й,ы,н,м,о,р,A,ОГРОМНЫЙ,A - nom sg plen m -,
31,",",",",PUNC,,,,,,,,,PUNC,",",PUNC,
32,кошка,КОШКА,S f anim nom sg,,,а,к,ш,о,к,,S,КОШКА,S f anim nom sg,
33,белая,БЕЛЫЙ,A - nom sg plen f -,,,я,а,л,е,б,,A,БЕЛЫЙ,A - nom sg plen f -,
34,...,...,SENT,,,,,,,,,SENT,...,SENT,
,,,,,,,,,,,,,,,
1,Саша,САША,S - anim nom sg,,,а,ш,а,с,,,S,САША,S - anim nom sg,
2,@,@,PUNC,,,,,,,,,PUNC,@,PUNC,
3,В,В,PR,,,в,,,,,,PR,В,PR,
4,торте,ТОРТ,S m inan loc sg,,,е,т,р,о,т,,S,ТОРТ,S f inan acc sg,
5,были,БЫТЬ,V ipf praet pl indic intr act,,,и,л,ы,б,,,V,БЫТЬ,V ipf praet pl indic - -,
6,наркотики,НАРКОТИК,S m inan nom pl,,,и,к,и,т,о,к,S,НАРКОТИК,S m inan nom pl,
7,",",",",PUNC,,,,,,,,,PUNC,",",PUNC,
8,очевидно,ОЧЕВИДНО,ADV -,,,о,н,д,и,в,е,ADV,ОЧЕВИДНО,ADV -,
9,.,.,SENT,,,,,,,,,SENT,.,SENT,
,,,,,,,,,,,,,,,
1,Мира,МИРА,S f anim nom sg,,,а,р,и,м,,,S,МИР,S f anim nom sg,
2,@,@,PUNC,,,,,,,,,PUNC,@,PUNC,
3,Походу,ПОХОД,S m inan nom sg,,,у,д,о,х,о,п,S,ПОХОД,S f inan nom sg,
4,.,.,SENT,,,,,,,,,SENT,.,SENT,